timestamp,voltage_V,current_A,power_kW,SOC_percent,backup_time_h
2025-12-26 11:41:22,52.410,-0.272,-0.014,19.00,0.190
2025-12-26 11:41:23,52.409,-0.268,-0.014,19.00,0.190
2025-12-26 11:41:24,52.419,-0.230,-0.012,19.00,0.190
2025-12-26 11:41:25,52.409,-0.251,-0.013,19.00,0.190
2025-12-26 11:41:26,52.408,-0.273,-0.014,19.00,0.190
2025-12-26 11:41:27,52.409,-0.313,-0.016,19.00,0.190
2025-12-26 11:41:29,52.414,-0.294,-0.016,19.00,0.190
2025-12-26 11:41:30,52.415,-0.246,-0.013,19.00,0.190
2025-12-26 11:41:31,52.410,-0.268,-0.014,19.00,0.190
2025-12-26 11:41:32,52.409,-0.299,-0.016,19.00,0.190
2025-12-26 11:41:33,52.413,-0.281,-0.015,19.00,0.190
2025-12-26 11:41:35,52.402,-0.268,-0.014,19.00,0.190
2025-12-26 11:41:36,52.411,-0.304,-0.016,19.00,0.190
2025-12-26 11:41:37,52.405,-0.253,-0.013,19.00,0.190
2025-12-26 11:41:38,52.400,-0.286,-0.015,19.00,0.190
2025-12-26 11:41:39,52.405,-0.297,-0.016,19.00,0.190
2025-12-26 11:41:40,52.414,-0.262,-0.014,19.00,0.190
2025-12-26 11:41:42,52.406,-0.256,-0.013,19.00,0.190
2025-12-26 11:41:43,52.408,-0.310,-0.014,19.00,0.190
2025-12-26 11:41:44,52.411,-0.244,-0.013,19.00,0.190
2025-12-26 11:41:45,52.405,-0.256,-0.013,19.00,0.190
2025-12-26 11:41:46,52.401,-0.241,-0.013,19.00,0.190
2025-12-26 11:41:47,52.416,-0.261,-0.014,19.00,0.190
2025-12-26 11:41:49,52.409,-0.330,-0.017,19.00,0.190
2025-12-26 11:41:50,52.417,-0.230,-0.012,19.00,0.190
2025-12-26 11:41:51,52.402,-0.256,-0.013,19.00,0.190
2025-12-26 11:41:52,52.408,-0.228,-0.011,19.00,0.190
2025-12-26 11:41:53,52.411,-0.208,-0.011,19.00,0.190
2025-12-26 11:41:54,52.416,-0.226,-0.012,19.00,0.190
2025-12-26 11:41:56,52.401,-0.191,-0.010,19.00,0.190
2025-12-26 11:41:57,52.399,-0.261,-0.014,19.00,0.190
2025-12-26 11:41:58,52.418,-0.188,-0.010,19.00,0.190
2025-12-26 11:41:59,52.407,-0.209,-0.011,19.00,0.190
2025-12-26 11:42:00,52.407,-0.280,-0.015,19.00,0.190
2025-12-26 11:42:01,52.416,-0.241,-0.013,19.00,0.190
2025-12-26 11:42:03,52.414,-0.228,-0.012,19.00,0.190
2025-12-26 11:42:04,52.409,-0.285,-0.015,19.00,0.190
2025-12-26 11:42:05,52.420,-0.290,-0.015,19.00,0.190
2025-12-26 11:42:06,52.408,-0.314,-0.016,19.00,0.190
2025-12-26 11:42:07,52.404,-0.224,-0.012,19.00,0.190
2025-12-26 11:42:08,52.411,-0.259,-0.014,19.00,0.190
2025-12-26 11:42:10,52.414,-0.322,-0.017,19.00,0.190
2025-12-26 11:42:11,52.412,-0.304,-0.016,19.00,0.190
2025-12-26 11:42:12,52.405,-0.299,-0.016,19.00,0.190
2025-12-26 11:42:13,52.404,-0.271,-0.014,19.00,0.190
2025-12-26 11:42:14,52.416,-0.255,-0.014,19.00,0.190
2025-12-26 11:42:15,52.411,-0.280,-0.015,19.00,0.190
2025-12-26 11:42:17,52.408,-0.219,-0.011,19.00,0.190
2025-12-26 11:42:18,52.405,-0.245,-0.013,19.00,0.190
2025-12-26 11:42:19,52.405,-0.224,-0.012,19.00,0.190
2025-12-26 11:42:20,52.426,-0.248,-0.014,19.00,0.190
2025-12-26 11:42:21,52.409,-0.319,-0.017,19.00,0.190
2025-12-26 11:42:22,52.405,-0.310,-0.016,19.00,0.190
2025-12-26 11:42:24,52.417,-0.326,-0.017,19.00,0.190
2025-12-26 11:42:25,52.409,-0.267,-0.014,19.00,0.190
2025-12-26 11:42:26,52.409,-0.304,-0.016,19.00,0.190
2025-12-26 11:42:27,52.414,-0.309,-0.016,19.00,0.190
2025-12-26 11:42:28,52.405,-0.323,-0.017,19.00,0.190
2025-12-26 11:42:29,52.412,-0.257,-0.013,19.00,0.190
2025-12-26 11:42:31,52.412,-0.315,-0.017,19.00,0.190
2025-12-26 11:42:32,52.412,-0.295,-0.015,19.00,0.190
2025-12-26 11:42:33,52.416,-0.295,-0.015,19.00,0.190
2025-12-26 11:42:34,52.412,-0.288,-0.015,19.00,0.190
2025-12-26 11:42:35,52.414,-0.249,-0.013,19.00,0.190
2025-12-26 11:42:36,52.415,-0.230,-0.012,19.00,0.190
2025-12-26 11:42:38,52.407,-0.266,-0.015,19.00,0.190
2025-12-26 11:42:39,52.417,-0.294,-0.015,19.00,0.190
2025-12-26 11:42:40,52.412,-0.249,-0.013,19.00,0.190
2025-12-26 11:42:41,52.412,-0.296,-0.016,19.00,0.190
2025-12-26 11:42:42,52.414,-0.255,-0.013,19.00,0.190
2025-12-26 11:42:43,52.410,-0.221,-0.012,19.00,0.190
2025-12-26 11:42:45,52.413,-0.204,-0.011,19.00,0.190
2025-12-26 11:42:46,52.408,-0.259,-0.014,19.00,0.190
2025-12-26 11:42:47,52.423,-0.236,-0.012,19.00,0.190
2025-12-26 11:42:48,52.409,-0.264,-0.014,19.00,0.190
2025-12-26 11:42:49,52.403,-0.311,-0.016,19.00,0.190
2025-12-26 11:42:50,52.406,-0.284,-0.016,19.00,0.190
2025-12-26 11:42:52,52.417,-0.252,-0.014,19.00,0.190
2025-12-26 11:42:53,52.398,-0.283,-0.015,19.00,0.190
2025-12-26 11:42:54,52.404,-0.312,-0.016,19.00,0.190
2025-12-26 11:42:55,52.417,-0.274,-0.014,19.00,0.190
2025-12-26 11:42:56,52.407,-0.284,-0.015,19.00,0.190
2025-12-26 11:42:57,52.414,-0.255,-0.013,19.00,0.190
2025-12-26 11:42:59,52.404,-0.270,-0.014,19.00,0.190
2025-12-26 11:43:00,52.410,-0.335,-0.018,19.00,0.190
2025-12-26 11:43:01,52.410,-0.260,-0.014,19.00,0.190
2025-12-26 11:43:02,52.418,-0.258,-0.014,19.00,0.190
2025-12-26 11:43:03,52.404,-0.296,-0.015,19.00,0.190
2025-12-26 11:43:04,52.409,-0.250,-0.015,19.00,0.190
2025-12-26 11:43:06,52.419,-0.240,-0.013,19.00,0.190
2025-12-26 11:43:07,52.413,-0.231,-0.012,19.00,0.190
2025-12-26 11:43:08,52.415,-0.303,-0.016,19.00,0.190
2025-12-26 11:43:09,52.414,-0.364,-0.019,19.00,0.190
2025-12-26 11:43:10,52.403,-0.311,-0.016,19.00,0.190
2025-12-26 11:43:12,52.409,-0.359,-0.019,19.00,0.190
2025-12-26 11:43:13,52.414,-0.334,-0.017,19.00,0.190
2025-12-26 11:43:14,52.425,-0.308,-0.016,19.00,0.190
2025-12-26 11:43:15,52.418,-0.311,-0.016,19.00,0.190
2025-12-26 11:43:16,52.419,-0.297,-0.016,19.00,0.190
2025-12-26 11:43:17,52.398,-0.253,-0.013,19.00,0.190
2025-12-26 11:43:19,52.403,-0.276,-0.016,19.00,0.190
2025-12-26 11:43:20,52.402,-0.284,-0.015,19.00,0.190
2025-12-26 11:43:21,52.404,-0.274,-0.014,19.00,0.190
2025-12-26 11:43:22,52.395,-0.262,-0.014,19.00,0.190
2025-12-26 11:43:23,52.410,-0.338,-0.018,19.00,0.190
2025-12-26 11:43:24,52.403,-0.316,-0.017,19.00,0.190
2025-12-26 11:43:26,52.414,-0.340,-0.018,19.00,0.190
2025-12-26 11:43:27,52.409,-0.288,-0.015,19.00,0.190
2025-12-26 11:43:28,52.408,-0.343,-0.017,19.00,0.190
2025-12-26 11:43:29,52.410,-0.375,-0.020,19.00,0.190
2025-12-26 11:43:30,52.411,-0.298,-0.016,19.00,0.190
2025-12-26 11:43:31,52.411,-0.284,-0.015,19.00,0.190
2025-12-26 11:43:33,52.416,-0.274,-0.014,19.00,0.190
2025-12-26 11:43:34,52.402,-0.289,-0.015,19.00,0.190
2025-12-26 11:43:35,52.411,-0.282,-0.015,19.00,0.190
2025-12-26 11:43:36,52.421,-0.315,-0.016,19.00,0.190
2025-12-26 11:43:37,52.409,-0.268,-0.014,19.00,0.190
2025-12-26 11:43:38,52.414,-0.311,-0.016,19.00,0.190
2025-12-26 11:43:40,52.421,-0.333,-0.016,19.00,0.190
2025-12-26 11:43:41,52.418,-0.311,-0.016,19.00,0.190
2025-12-26 11:43:42,52.410,-0.311,-0.014,19.00,0.190
2025-12-26 11:43:43,52.414,-0.341,-0.018,19.00,0.190
2025-12-26 11:43:44,52.412,-0.339,-0.018,19.00,0.190
2025-12-26 11:43:45,52.410,-0.281,-0.015,19.00,0.190
2025-12-26 11:43:47,52.418,-0.316,-0.017,19.00,0.190
2025-12-26 11:43:48,52.415,-0.265,-0.014,19.00,0.190
2025-12-26 11:43:49,52.414,-0.296,-0.015,19.00,0.190
2025-12-26 11:43:50,52.422,-0.336,-0.018,19.00,0.190
2025-12-26 11:43:51,52.410,-0.321,-0.017,19.00,0.190
2025-12-26 11:43:52,52.411,-0.239,-0.013,19.00,0.190
2025-12-26 11:43:54,52.411,-0.323,-0.017,19.00,0.190
2025-12-26 11:43:55,52.415,-0.271,-0.014,19.00,0.190
2025-12-26 11:43:56,52.411,-0.281,-0.015,19.00,0.190
2025-12-26 11:43:57,52.416,-0.321,-0.017,19.00,0.190
2025-12-26 11:43:58,52.411,-0.324,-0.017,19.00,0.190
2025-12-26 11:44:00,52.402,-0.276,-0.014,19.00,0.190
2025-12-26 11:44:01,52.411,-0.254,-0.013,19.00,0.190
2025-12-26 11:44:02,52.409,-0.279,-0.014,19.00,0.190
2025-12-26 11:44:03,52.417,-0.217,-0.011,19.00,0.190
2025-12-26 11:44:04,52.411,-0.234,-0.012,19.00,0.190
2025-12-26 11:44:05,52.411,-0.210,-0.011,19.00,0.190
2025-12-26 11:44:07,52.417,-0.270,-0.014,19.00,0.190
2025-12-26 11:44:08,52.410,-0.293,-0.015,19.00,0.190
2025-12-26 11:44:09,52.411,-0.278,-0.013,19.00,0.190
2025-12-26 11:44:10,52.404,-0.258,-0.014,19.00,0.190
2025-12-26 11:44:11,52.397,-0.213,-0.011,19.00,0.190
2025-12-26 11:44:12,52.417,-0.226,-0.012,19.00,0.190
2025-12-26 11:44:14,52.413,-0.324,-0.017,19.00,0.190
2025-12-26 11:44:15,52.408,-0.293,-0.015,19.00,0.190
2025-12-26 11:44:16,52.414,-0.282,-0.015,19.00,0.190
2025-12-26 11:44:17,52.405,-0.307,-0.016,19.00,0.190
2025-12-26 11:44:18,52.403,-0.280,-0.015,19.00,0.190
2025-12-26 11:44:19,52.410,-0.280,-0.015,19.00,0.190
2025-12-26 11:44:21,52.415,-0.266,-0.014,19.00,0.190
2025-12-26 11:44:22,52.412,-0.256,-0.013,19.00,0.190
2025-12-26 11:44:23,52.403,-0.257,-0.013,19.00,0.190
2025-12-26 11:44:24,52.414,-0.227,-0.012,19.00,0.190
2025-12-26 11:44:25,52.413,-0.283,-0.015,19.00,0.190
2025-12-26 11:44:27,52.407,-0.299,-0.016,19.00,0.190
2025-12-26 11:44:28,52.408,-0.269,-0.014,19.00,0.190
2025-12-26 11:44:29,52.400,-0.273,-0.014,19.00,0.190
2025-12-26 11:44:30,52.411,-0.276,-0.014,19.00,0.190
2025-12-26 11:44:31,52.414,-0.251,-0.013,19.00,0.190
2025-12-26 11:44:32,52.411,-0.269,-0.014,19.00,0.190
2025-12-26 11:44:34,52.408,-0.242,-0.013,19.00,0.190
2025-12-26 11:44:35,52.420,-0.315,-0.017,19.00,0.190
2025-12-26 11:44:36,52.406,-0.312,-0.016,19.00,0.190
2025-12-26 11:44:37,52.414,-0.355,-0.019,19.00,0.190
2025-12-26 11:44:38,52.416,-0.333,-0.019,19.00,0.190
2025-12-26 11:44:39,52.406,-0.356,-0.019,19.00,0.190
2025-12-26 11:44:41,52.394,-0.267,-0.014,19.00,0.190
2025-12-26 11:44:42,52.406,-0.286,-0.015,19.00,0.190
2025-12-26 11:44:43,52.401,-0.269,-0.014,19.00,0.190
2025-12-26 11:44:44,52.414,-0.268,-0.014,19.00,0.190
2025-12-26 11:44:45,52.415,-0.280,-0.015,19.00,0.190
2025-12-26 11:44:46,52.418,-0.256,-0.013,19.00,0.190
2025-12-26 11:44:48,52.407,-0.276,-0.014,19.00,0.190
2025-12-26 11:44:49,52.405,-0.290,-0.015,19.00,0.190
2025-12-26 11:44:50,52.407,-0.248,-0.013,19.00,0.190
2025-12-26 11:44:51,52.404,-0.233,-0.012,19.00,0.190
2025-12-26 11:44:52,52.417,-0.300,-0.016,19.00,0.190
2025-12-26 11:44:53,52.406,-0.254,-0.013,19.00,0.190
2025-12-26 11:44:55,52.413,-0.320,-0.017,19.00,0.190
2025-12-26 11:44:56,52.409,-0.311,-0.016,19.00,0.190
2025-12-26 11:44:57,52.413,-0.277,-0.015,19.00,0.190
2025-12-26 11:44:58,52.409,-0.286,-0.015,19.00,0.190
2025-12-26 11:44:59,52.419,-0.296,-0.016,19.00,0.190
2025-12-26 11:45:00,52.400,-0.266,-0.014,19.00,0.190
2025-12-26 11:45:00,52.416,-0.264,-0.014,19.00,0.190
2025-12-26 11:45:02,52.414,-0.284,-0.015,19.00,0.190
2025-12-26 11:45:03,52.406,-0.260,-0.014,19.00,0.190
2025-12-26 11:45:04,52.406,-0.271,-0.014,19.00,0.190
2025-12-26 11:45:05,52.413,-0.292,-0.015,19.00,0.190
2025-12-26 11:45:06,52.418,-0.259,-0.014,19.00,0.190
2025-12-26 11:45:08,52.408,-0.260,-0.012,19.00,0.190
2025-12-26 11:45:09,52.429,-0.285,-0.015,19.00,0.190
2025-12-26 11:45:10,52.416,-0.254,-0.013,19.00,0.190
2025-12-26 11:45:11,52.402,-0.240,-0.013,19.00,0.190
2025-12-26 11:45:12,52.418,-0.242,-0.013,19.00,0.190
2025-12-26 11:45:13,52.402,-0.240,-0.013,19.00,0.190
2025-12-26 11:45:15,52.404,-0.201,-0.011,19.00,0.190
2025-12-26 11:45:16,52.417,-0.224,-0.012,19.00,0.190
2025-12-26 11:45:17,52.402,-0.250,-0.013,19.00,0.190
2025-12-26 11:45:18,52.406,-0.243,-0.013,19.00,0.190
2025-12-26 11:45:19,52.416,-0.173,-0.009,19.00,0.190
2025-12-26 11:45:20,52.406,-0.242,-0.013,19.00,0.190
2025-12-26 11:45:22,52.413,-0.249,-0.013,19.00,0.190
2025-12-26 11:45:23,52.410,-0.277,-0.015,19.00,0.190
2025-12-26 11:45:24,52.415,-0.247,-0.013,19.00,0.190
2025-12-26 11:45:25,52.414,-0.253,-0.013,19.00,0.190
2025-12-26 11:45:26,52.420,-0.199,-0.010,19.00,0.190
2025-12-26 11:45:27,52.408,-0.238,-0.012,19.00,0.190
2025-12-26 11:45:29,52.410,-0.211,-0.011,19.00,0.190
2025-12-26 11:45:30,52.403,-0.274,-0.014,19.00,0.190
2025-12-26 11:45:31,52.403,-0.245,-0.013,19.00,0.190
2025-12-26 11:45:32,52.408,-0.256,-0.013,19.00,0.190
2025-12-26 11:45:33,52.404,-0.288,-0.015,19.00,0.190
2025-12-26 11:45:34,52.411,-0.271,-0.014,19.00,0.190
2025-12-26 11:45:36,52.417,-0.260,-0.014,19.00,0.190
2025-12-26 11:45:37,52.407,-0.238,-0.012,19.00,0.190
2025-12-26 11:45:38,52.413,-0.267,-0.014,19.00,0.190
2025-12-26 11:45:39,52.418,-0.223,-0.012,19.00,0.190
2025-12-26 11:45:40,52.415,-0.244,-0.012,19.00,0.190
2025-12-26 11:52:03,52.417,-0.304,-0.016,19.00,0.190
2025-12-26 11:52:04,52.412,-0.287,-0.015,19.00,0.190
2025-12-26 11:52:05,52.406,-0.317,-0.017,19.00,0.190
2025-12-26 11:52:06,52.422,-0.263,-0.014,19.00,0.190
2025-12-26 11:52:08,52.402,-0.253,-0.013,19.00,0.190
2025-12-26 11:52:09,52.411,-0.283,-0.015,19.00,0.190
2025-12-26 11:52:10,52.410,-0.295,-0.015,19.00,0.190
2025-12-26 11:52:11,52.404,-0.255,-0.013,19.00,0.190
2025-12-26 11:52:12,52.406,-0.274,-0.014,19.00,0.190
2025-12-26 11:52:13,52.416,-0.269,-0.014,19.00,0.190
2025-12-26 11:52:15,52.419,-0.299,-0.016,19.00,0.190
2025-12-26 11:52:16,52.405,-0.360,-0.017,19.00,0.190
2025-12-26 11:52:17,52.399,-0.305,-0.016,19.00,0.190
2025-12-26 11:52:18,52.415,-0.285,-0.015,19.00,0.190
2025-12-26 11:52:19,52.397,-0.316,-0.017,19.00,0.190
2025-12-26 11:52:20,52.409,-0.325,-0.017,19.00,0.190
2025-12-26 11:52:22,52.408,-0.299,-0.016,19.00,0.190
2025-12-26 11:52:23,52.406,-0.309,-0.016,19.00,0.190
2025-12-26 11:52:24,52.410,-0.292,-0.015,19.00,0.190
2025-12-26 11:52:25,52.413,-0.271,-0.014,19.00,0.190
2025-12-26 11:52:26,52.412,-0.340,-0.017,19.00,0.190
2025-12-26 11:52:27,52.392,-0.296,-0.016,19.00,0.190
2025-12-26 11:52:29,52.426,-0.293,-0.015,19.00,0.190
2025-12-26 11:52:30,52.412,-0.321,-0.017,19.00,0.190
2025-12-26 11:52:31,52.410,-0.279,-0.015,19.00,0.190
2025-12-26 11:52:32,52.423,-0.307,-0.016,19.00,0.190
2025-12-26 11:52:33,52.411,-0.314,-0.016,19.00,0.190
2025-12-26 11:52:35,52.416,-0.315,-0.017,19.00,0.190
2025-12-26 11:52:36,52.418,-0.318,-0.016,19.00,0.190
2025-12-26 11:52:37,52.400,-0.298,-0.015,19.00,0.190
2025-12-26 11:52:38,52.421,-0.263,-0.016,19.00,0.190
2025-12-26 11:52:39,52.406,-0.252,-0.013,19.00,0.190
2025-12-26 11:52:40,52.415,-0.214,-0.011,19.00,0.190
2025-12-26 11:52:42,52.420,-0.204,-0.011,19.00,0.190
2025-12-26 11:52:43,52.407,-0.217,-0.011,19.00,0.190
2025-12-26 11:52:44,52.411,-0.177,-0.009,19.00,0.190
2025-12-26 11:52:45,52.414,-0.227,-0.012,19.00,0.190
2025-12-26 11:52:46,52.404,-0.224,-0.012,19.00,0.190
2025-12-26 11:52:47,52.405,-0.251,-0.013,19.00,0.190
2025-12-26 11:52:49,52.410,-0.255,-0.013,19.00,0.190
2025-12-26 11:52:50,52.409,-0.295,-0.015,19.00,0.190
2025-12-26 11:52:51,52.415,-0.273,-0.014,19.00,0.190
2025-12-26 11:52:52,52.416,-0.280,-0.015,19.00,0.190
2025-12-26 11:52:53,52.404,-0.292,-0.015,19.00,0.190
2025-12-26 11:52:54,52.407,-0.271,-0.014,19.00,0.190
2025-12-26 11:52:56,52.401,-0.297,-0.017,19.00,0.190
2025-12-26 11:52:57,52.417,-0.302,-0.014,19.00,0.190
2025-12-26 11:52:58,52.413,-0.288,-0.015,19.00,0.190
2025-12-26 11:52:59,52.410,-0.248,-0.013,19.00,0.190
2025-12-26 11:53:00,52.410,-0.302,-0.017,19.00,0.190
2025-12-26 11:53:01,52.414,-0.358,-0.019,19.00,0.190
2025-12-26 11:53:03,52.413,-0.353,-0.018,19.00,0.190
2025-12-26 11:53:04,52.410,-0.341,-0.018,19.00,0.190
2025-12-26 11:53:05,52.412,-0.343,-0.018,19.00,0.190
2025-12-26 11:53:06,52.416,-0.341,-0.018,19.00,0.190
2025-12-26 11:53:07,52.417,-0.260,-0.014,19.00,0.190
2025-12-26 11:53:08,52.413,-0.327,-0.017,19.00,0.190
2025-12-26 11:53:10,52.397,-0.275,-0.015,19.00,0.190
2025-12-26 11:53:11,52.398,-0.273,-0.013,19.00,0.190
2025-12-26 11:53:12,52.406,-0.309,-0.016,19.00,0.190
2025-12-26 11:53:13,52.409,-0.308,-0.016,19.00,0.190
2025-12-26 11:53:14,52.407,-0.290,-0.015,19.00,0.190
2025-12-26 11:53:16,52.406,-0.246,-0.013,19.00,0.190
2025-12-26 11:53:17,52.401,-0.278,-0.015,19.00,0.190
2025-12-26 11:53:18,52.408,-0.292,-0.015,19.00,0.190
2025-12-26 11:53:19,52.411,-0.283,-0.014,19.00,0.190
2025-12-26 11:53:20,52.416,-0.267,-0.014,19.00,0.190
2025-12-26 11:53:21,52.404,-0.283,-0.015,19.00,0.190
2025-12-26 11:53:23,52.411,-0.219,-0.011,19.00,0.190
2025-12-26 11:53:24,52.398,-0.270,-0.014,19.00,0.190
2025-12-26 11:53:25,52.400,-0.275,-0.014,19.00,0.190
2025-12-26 11:53:26,52.419,-0.284,-0.015,19.00,0.190
2025-12-26 11:53:27,52.407,-0.239,-0.013,19.00,0.190
2025-12-26 11:53:28,52.404,-0.276,-0.014,19.00,0.190
2025-12-26 11:53:30,52.416,-0.319,-0.017,19.00,0.190
2025-12-26 11:53:31,52.417,-0.272,-0.014,19.00,0.190
2025-12-26 11:53:32,52.404,-0.280,-0.015,19.00,0.190
2025-12-26 11:53:33,52.412,-0.293,-0.017,19.00,0.190
2025-12-26 11:53:34,52.407,-0.305,-0.016,19.00,0.190
2025-12-26 11:53:35,52.415,-0.281,-0.015,19.00,0.190
2025-12-26 11:53:37,52.411,-0.296,-0.016,19.00,0.190
2025-12-26 11:53:38,52.404,-0.283,-0.015,19.00,0.190
2025-12-26 11:53:39,52.414,-0.313,-0.016,19.00,0.190
2025-12-26 11:53:40,52.416,-0.352,-0.018,19.00,0.190
2025-12-26 11:53:41,52.412,-0.302,-0.016,19.00,0.190
2025-12-26 11:53:42,52.403,-0.286,-0.013,19.00,0.190
2025-12-26 11:53:44,52.400,-0.279,-0.015,19.00,0.190
2025-12-26 11:53:45,52.410,-0.301,-0.016,19.00,0.190
2025-12-26 11:53:46,52.412,-0.285,-0.015,19.00,0.190
2025-12-26 11:53:47,52.417,-0.323,-0.017,19.00,0.190
2025-12-26 11:53:48,52.403,-0.318,-0.017,19.00,0.190
2025-12-26 11:53:50,52.416,-0.328,-0.017,19.00,0.190
2025-12-26 11:53:51,52.414,-0.267,-0.014,19.00,0.190
2025-12-26 11:53:52,52.417,-0.244,-0.013,19.00,0.190
2025-12-26 11:53:53,52.412,-0.294,-0.015,19.00,0.190
2025-12-26 11:53:54,52.404,-0.339,-0.018,19.00,0.190
2025-12-26 11:53:55,52.417,-0.323,-0.017,19.00,0.190
2025-12-26 11:53:57,52.412,-0.345,-0.018,19.00,0.190
2025-12-26 11:53:58,52.398,-0.307,-0.016,19.00,0.190
2025-12-26 11:53:59,52.410,-0.395,-0.021,19.00,0.190
2025-12-26 11:54:00,52.414,-0.392,-0.021,19.00,0.190
2025-12-26 11:54:01,52.422,-0.376,-0.020,19.00,0.190
2025-12-26 11:54:02,52.414,-0.314,-0.016,19.00,0.190
2025-12-26 11:54:04,52.415,-0.356,-0.019,19.00,0.190
2025-12-26 11:54:05,52.413,-0.291,-0.015,19.00,0.190
2025-12-26 11:54:06,52.409,-0.376,-0.018,19.00,0.190
2025-12-26 11:54:07,52.400,-0.310,-0.016,19.00,0.190
2025-12-26 11:54:08,52.405,-0.323,-0.017,19.00,0.190
2025-12-26 11:54:09,52.415,-0.307,-0.016,19.00,0.190
2025-12-26 11:54:11,52.418,-0.285,-0.015,19.00,0.190
2025-12-26 11:54:12,52.408,-0.274,-0.014,19.00,0.190
2025-12-26 11:54:13,52.410,-0.267,-0.014,19.00,0.190
2025-12-26 11:54:14,52.404,-0.336,-0.018,19.00,0.190
2025-12-26 11:54:15,52.412,-0.246,-0.013,19.00,0.190
2025-12-26 11:54:17,52.408,-0.244,-0.013,19.00,0.190
2025-12-26 11:54:18,52.411,-0.298,-0.016,19.00,0.190
2025-12-26 11:54:19,52.419,-0.263,-0.014,19.00,0.190
2025-12-26 11:54:20,52.407,-0.295,-0.015,19.00,0.190
2025-12-26 11:54:21,52.406,-0.233,-0.012,19.00,0.190
2025-12-26 11:54:22,52.409,-0.284,-0.015,19.00,0.190
2025-12-26 11:54:24,52.418,-0.250,-0.014,19.00,0.190
2025-12-26 11:54:25,52.408,-0.279,-0.015,19.00,0.190
2025-12-26 11:54:26,52.417,-0.344,-0.018,19.00,0.190
2025-12-26 11:54:27,52.400,-0.308,-0.016,19.00,0.190
2025-12-26 11:54:28,52.418,-0.277,-0.015,19.00,0.190
2025-12-26 11:54:29,52.417,-0.237,-0.012,19.00,0.190
2025-12-26 11:54:31,52.412,-0.273,-0.014,19.00,0.190
2025-12-26 11:54:32,52.412,-0.269,-0.014,19.00,0.190
2025-12-26 11:54:33,52.408,-0.267,-0.014,19.00,0.190
2025-12-26 11:54:34,52.397,-0.270,-0.014,19.00,0.190
2025-12-26 11:54:35,52.411,-0.278,-0.015,19.00,0.190
2025-12-26 11:54:36,52.415,-0.304,-0.016,19.00,0.190
2025-12-26 11:54:38,52.412,-0.306,-0.016,19.00,0.190
2025-12-26 11:54:39,52.412,-0.306,-0.016,19.00,0.190
2025-12-26 11:54:40,52.410,-0.321,-0.017,19.00,0.190
2025-12-26 11:54:41,52.413,-0.279,-0.015,19.00,0.190
2025-12-26 11:54:42,52.417,-0.316,-0.017,19.00,0.190
2025-12-26 11:54:43,52.416,-0.289,-0.015,19.00,0.190
2025-12-26 11:54:45,52.406,-0.324,-0.017,19.00,0.190
2025-12-26 11:54:46,52.415,-0.269,-0.014,19.00,0.190
2025-12-26 11:54:47,52.417,-0.324,-0.017,19.00,0.190
2025-12-26 11:54:48,52.405,-0.332,-0.017,19.00,0.190
2025-12-26 11:54:49,52.398,-0.359,-0.019,19.00,0.190
2025-12-26 11:54:50,52.407,-0.356,-0.019,19.00,0.190
2025-12-26 11:54:52,52.404,-0.300,-0.016,19.00,0.190
2025-12-26 11:54:53,52.417,-0.300,-0.016,19.00,0.190
2025-12-26 11:54:54,52.394,-0.286,-0.015,19.00,0.190
2025-12-26 11:54:55,52.408,-0.326,-0.017,19.00,0.190
2025-12-26 11:54:56,52.418,-0.268,-0.014,19.00,0.190
2025-12-26 11:54:58,52.406,-0.233,-0.012,19.00,0.190
2025-12-26 11:54:59,52.422,-0.266,-0.014,19.00,0.190
2025-12-26 11:55:00,52.404,-0.329,-0.017,19.00,0.190
2025-12-26 11:55:01,52.410,-0.294,-0.015,19.00,0.190
2025-12-26 11:55:02,52.406,-0.295,-0.015,19.00,0.190
2025-12-26 11:55:03,52.411,-0.212,-0.011,19.00,0.190
2025-12-26 11:55:05,52.403,-0.277,-0.015,19.00,0.190
2025-12-26 11:55:06,52.420,-0.229,-0.011,19.00,0.190
2025-12-26 11:55:07,52.414,-0.274,-0.014,19.00,0.190
2025-12-26 11:55:08,52.414,-0.255,-0.012,19.00,0.190
2025-12-26 11:55:09,52.407,-0.261,-0.014,19.00,0.190
2025-12-26 11:55:10,52.398,-0.273,-0.014,19.00,0.190
2025-12-26 11:55:12,52.409,-0.243,-0.013,19.00,0.190
2025-12-26 11:55:13,52.413,-0.312,-0.016,19.00,0.190
2025-12-26 11:55:14,52.406,-0.333,-0.017,19.00,0.190
2025-12-26 11:55:15,52.419,-0.322,-0.017,19.00,0.190
2025-12-26 11:55:16,52.408,-0.314,-0.016,19.00,0.190
2025-12-26 11:55:17,52.408,-0.298,-0.016,19.00,0.190
2025-12-26 11:55:19,52.405,-0.346,-0.018,19.00,0.190
2025-12-26 11:55:20,52.407,-0.320,-0.017,19.00,0.190
2025-12-26 11:55:21,52.406,-0.255,-0.013,19.00,0.190
2025-12-26 11:55:22,52.413,-0.326,-0.017,19.00,0.190
2025-12-26 11:55:23,52.411,-0.268,-0.014,19.00,0.190
2025-12-26 11:55:24,52.421,-0.282,-0.015,19.00,0.190
2025-12-26 11:55:26,52.409,-0.262,-0.014,19.00,0.190
2025-12-26 11:55:27,52.416,-0.329,-0.015,19.00,0.190
2025-12-26 11:55:28,52.416,-0.227,-0.013,19.00,0.190
2025-12-26 11:55:29,52.409,-0.243,-0.013,19.00,0.190
2025-12-26 11:55:30,52.415,-0.228,-0.012,19.00,0.190
2025-12-26 11:55:31,52.404,-0.238,-0.012,19.00,0.190
2025-12-26 11:55:33,52.406,-0.211,-0.011,19.00,0.190
2025-12-26 11:55:34,52.408,-0.332,-0.017,19.00,0.190
2025-12-26 11:55:35,52.410,-0.356,-0.019,19.00,0.190
2025-12-26 11:55:36,52.403,-0.356,-0.019,19.00,0.190
2025-12-26 11:55:37,52.404,-0.352,-0.018,19.00,0.190
2025-12-26 11:55:38,52.420,-0.333,-0.017,19.00,0.190
2025-12-26 11:55:40,52.412,-0.300,-0.016,19.00,0.190
2025-12-26 11:55:41,52.413,-0.324,-0.017,19.00,0.190
2025-12-26 11:55:42,52.409,-0.361,-0.018,19.00,0.190
2025-12-26 11:55:43,52.408,-0.359,-0.019,19.00,0.190
2025-12-26 11:55:44,52.416,-0.348,-0.018,19.00,0.190
2025-12-26 11:55:45,52.401,-0.374,-0.020,19.00,0.190
2025-12-26 11:55:47,52.422,-0.378,-0.020,19.00,0.190
2025-12-26 11:55:48,52.415,-0.282,-0.015,19.00,0.190
2025-12-26 11:55:49,52.392,-0.321,-0.016,19.00,0.190
2025-12-26 11:55:50,52.398,-0.286,-0.015,19.00,0.190
2025-12-26 11:55:51,52.412,-0.249,-0.014,19.00,0.190
2025-12-26 11:55:53,52.413,-0.239,-0.013,19.00,0.190
2025-12-26 11:55:54,52.411,-0.284,-0.015,19.00,0.190
2025-12-26 11:55:55,52.409,-0.232,-0.012,19.00,0.190
2025-12-26 11:55:56,52.399,-0.275,-0.014,19.00,0.190
2025-12-26 11:55:57,52.412,-0.285,-0.015,19.00,0.190
2025-12-26 11:55:58,52.414,-0.232,-0.012,19.00,0.190
2025-12-26 11:56:00,52.412,-0.265,-0.014,19.00,0.190
2025-12-26 11:56:01,52.421,-0.241,-0.013,19.00,0.190
2025-12-26 11:56:02,52.413,-0.279,-0.015,19.00,0.190
2025-12-26 11:56:03,52.411,-0.275,-0.014,19.00,0.190
2025-12-26 11:56:04,52.424,-0.296,-0.016,19.00,0.190
2025-12-26 11:56:05,52.412,-0.324,-0.017,19.00,0.190
2025-12-26 11:56:07,52.399,-0.359,-0.019,19.00,0.190
2025-12-26 11:56:08,52.412,-0.288,-0.015,19.00,0.190
2025-12-26 11:56:09,52.406,-0.331,-0.017,19.00,0.190
2025-12-26 11:56:10,52.414,-0.322,-0.017,19.00,0.190
2025-12-26 11:56:11,52.408,-0.320,-0.020,19.00,0.190
2025-12-26 11:56:12,52.404,-0.406,-0.021,19.00,0.190
2025-12-26 11:56:14,52.416,-0.312,-0.016,19.00,0.190
2025-12-26 11:56:15,52.402,-0.332,-0.017,19.00,0.190
2025-12-26 11:56:16,52.413,-0.315,-0.017,19.00,0.190
2025-12-26 11:56:17,52.398,-0.423,-0.022,19.00,0.190
2025-12-26 11:56:18,52.411,-0.348,-0.018,19.00,0.190
2025-12-26 11:56:19,52.406,-0.370,-0.018,19.00,0.190
2025-12-26 11:56:21,52.414,-0.343,-0.018,19.00,0.190
2025-12-26 11:56:22,52.412,-0.319,-0.017,19.00,0.190
2025-12-26 11:56:23,52.407,-0.312,-0.016,19.00,0.190
2025-12-26 11:56:24,52.411,-0.326,-0.017,19.00,0.190
2025-12-26 11:56:25,52.401,-0.377,-0.020,19.00,0.190
2025-12-26 11:56:27,52.409,-0.345,-0.018,19.00,0.190
2025-12-26 11:56:28,52.412,-0.365,-0.019,19.00,0.190
2025-12-26 11:56:29,52.418,-0.402,-0.021,19.00,0.190
2025-12-26 11:56:30,52.410,-0.415,-0.021,19.00,0.190
2025-12-26 11:56:31,52.407,-0.313,-0.017,19.00,0.190
2025-12-26 11:56:32,52.405,-0.337,-0.018,19.00,0.190
2025-12-26 11:56:34,52.401,-0.301,-0.016,19.00,0.190
2025-12-26 11:56:35,52.408,-0.314,-0.016,19.00,0.190
2025-12-26 11:56:36,52.408,-0.337,-0.018,19.00,0.190
2025-12-26 11:56:37,52.412,-0.383,-0.020,19.00,0.190
2025-12-26 11:56:38,52.409,-0.347,-0.018,19.00,0.190
2025-12-26 11:56:39,52.412,-0.448,-0.023,19.00,0.190
2025-12-26 11:56:41,52.408,-0.299,-0.016,19.00,0.190
2025-12-26 11:56:42,52.408,-0.322,-0.017,19.00,0.190
2025-12-26 11:56:43,52.407,-0.321,-0.017,19.00,0.190
2025-12-26 11:56:44,52.403,-0.371,-0.019,19.00,0.190
2025-12-26 11:56:45,52.418,-0.324,-0.017,19.00,0.190
2025-12-26 11:56:46,52.411,-0.350,-0.018,19.00,0.190
2025-12-26 11:56:48,52.409,-0.338,-0.018,19.00,0.190
2025-12-26 11:56:49,52.409,-0.344,-0.018,19.00,0.190
2025-12-26 11:56:50,52.408,-0.448,-0.023,19.00,0.190
2025-12-26 11:56:51,52.421,-0.343,-0.018,19.00,0.190
2025-12-26 11:56:52,52.411,-0.388,-0.020,19.00,0.190
2025-12-26 11:56:53,52.421,-0.372,-0.020,19.00,0.190
2025-12-26 11:56:55,52.415,-0.349,-0.020,19.00,0.190
2025-12-26 11:56:56,52.406,-0.389,-0.020,19.00,0.190
2025-12-26 11:56:57,52.415,-0.375,-0.020,19.00,0.190
2025-12-26 11:56:58,52.414,-0.372,-0.020,19.00,0.190
2025-12-26 11:56:59,52.407,-0.326,-0.017,19.00,0.190
2025-12-26 11:57:00,52.407,-0.418,-0.022,19.00,0.190
2025-12-26 11:57:02,52.407,-0.371,-0.019,19.00,0.190
2025-12-26 11:57:03,52.432,-0.380,-0.021,19.00,0.190
2025-12-26 11:57:04,52.419,-0.308,-0.018,19.00,0.190
2025-12-26 11:57:05,52.411,-0.343,-0.018,19.00,0.190
2025-12-26 11:57:06,52.409,-0.416,-0.022,19.00,0.190
2025-12-26 11:57:07,52.407,-0.269,-0.014,19.00,0.190
2025-12-26 11:57:09,52.416,-0.354,-0.019,19.00,0.190
2025-12-26 11:57:10,52.401,-0.308,-0.016,19.00,0.190
2025-12-26 11:57:11,52.411,-0.376,-0.020,19.00,0.190
2025-12-26 11:57:12,52.415,-0.366,-0.019,19.00,0.190
2025-12-26 11:57:13,52.411,-0.347,-0.018,19.00,0.190
2025-12-26 11:57:14,52.410,-0.332,-0.017,19.00,0.190
2025-12-26 11:57:16,52.392,-0.412,-0.019,19.00,0.190
2025-12-26 11:57:17,52.412,-0.359,-0.019,19.00,0.190
2025-12-26 11:57:18,52.397,-0.333,-0.017,19.00,0.190
2025-12-26 11:57:19,52.417,-0.351,-0.018,19.00,0.190
2025-12-26 11:57:20,52.410,-0.369,-0.019,19.00,0.190
2025-12-26 11:57:21,52.411,-0.458,-0.024,19.00,0.190
2025-12-26 11:57:23,52.413,-0.412,-0.022,19.00,0.190
2025-12-26 11:57:24,52.421,-0.372,-0.019,19.00,0.190
2025-12-26 11:57:25,52.403,-0.361,-0.019,19.00,0.190
2025-12-26 11:57:26,52.424,-0.358,-0.019,19.00,0.190
2025-12-26 11:57:27,52.401,-0.370,-0.019,19.00,0.190
2025-12-26 11:57:29,52.399,-0.386,-0.021,19.00,0.190
2025-12-26 11:57:30,52.404,-0.357,-0.019,19.00,0.190
2025-12-26 11:57:31,52.419,-0.411,-0.022,19.00,0.190
2025-12-26 11:57:32,52.414,-0.352,-0.018,19.00,0.190
2025-12-26 11:57:33,52.414,-0.414,-0.022,19.00,0.190
2025-12-26 11:57:34,52.412,-0.337,-0.018,19.00,0.190
2025-12-26 11:57:36,52.404,-0.447,-0.023,19.00,0.190
2025-12-26 11:57:37,52.412,-0.373,-0.020,19.00,0.190
2025-12-26 11:57:38,52.406,-0.361,-0.017,19.00,0.190
2025-12-26 11:57:39,52.407,-0.360,-0.019,19.00,0.190
2025-12-26 11:57:40,52.416,-0.351,-0.018,19.00,0.190
2025-12-26 11:57:41,52.409,-0.369,-0.019,19.00,0.190
2025-12-26 11:57:43,52.410,-0.399,-0.021,19.00,0.190
2025-12-26 11:57:44,52.409,-0.463,-0.024,19.00,0.190
2025-12-26 11:57:45,52.416,-0.354,-0.019,19.00,0.190
2025-12-26 11:57:46,52.419,-0.412,-0.021,19.00,0.190
2025-12-26 11:57:47,52.409,-0.404,-0.024,19.00,0.190
2025-12-26 11:57:48,52.407,-0.389,-0.020,19.00,0.190
2025-12-26 11:57:50,52.406,-0.386,-0.020,19.00,0.190
2025-12-26 11:57:51,52.411,-0.364,-0.019,19.00,0.190
2025-12-26 11:57:52,52.411,-0.450,-0.024,19.00,0.190
2025-12-26 11:57:53,52.401,-0.442,-0.023,19.00,0.190
2025-12-26 11:57:54,52.402,-0.372,-0.020,19.00,0.190
2025-12-26 11:57:55,52.415,-0.401,-0.021,19.00,0.190
2025-12-26 11:57:57,52.411,-0.400,-0.021,19.00,0.190
2025-12-26 11:57:58,52.409,-0.355,-0.019,19.00,0.190
2025-12-26 11:57:59,52.404,-0.338,-0.018,19.00,0.190
2025-12-26 11:58:00,52.404,-0.494,-0.026,19.00,0.190
2025-12-26 11:58:01,52.419,-0.388,-0.020,19.00,0.190
2025-12-26 11:58:02,52.423,-0.414,-0.022,19.00,0.190
2025-12-26 11:58:04,52.414,-0.418,-0.022,19.00,0.190
2025-12-26 11:58:05,52.411,-0.338,-0.018,19.00,0.190
2025-12-26 11:58:06,52.399,-0.398,-0.021,19.00,0.190
2025-12-26 11:58:07,52.405,-0.471,-0.025,19.00,0.190
2025-12-26 11:58:08,52.420,-0.410,-0.022,19.00,0.190
2025-12-26 11:58:09,52.407,-0.410,-0.022,19.00,0.190
2025-12-26 11:58:11,52.409,-0.394,-0.021,19.00,0.190
2025-12-26 11:58:12,52.413,-0.395,-0.021,19.00,0.190
2025-12-26 11:58:13,52.418,-0.353,-0.018,19.00,0.190
2025-12-26 11:58:14,52.416,-0.308,-0.018,19.00,0.190
2025-12-26 11:58:15,52.406,-0.341,-0.018,19.00,0.190
2025-12-26 11:58:16,52.414,-0.325,-0.017,19.00,0.190
2025-12-26 11:58:18,52.413,-0.325,-0.017,19.00,0.190
2025-12-26 11:58:19,52.411,-0.326,-0.017,19.00,0.190
2025-12-26 11:58:20,52.405,-0.368,-0.019,19.00,0.190
2025-12-26 11:58:21,52.406,-0.370,-0.019,19.00,0.190
2025-12-26 11:58:22,52.410,-0.366,-0.018,19.00,0.190
2025-12-26 11:58:24,52.412,-0.383,-0.020,19.00,0.190
2025-12-26 11:58:25,52.408,-0.386,-0.020,19.00,0.190
2025-12-26 11:58:26,52.409,-0.285,-0.015,19.00,0.190
2025-12-26 11:58:27,52.412,-0.337,-0.018,19.00,0.190
2025-12-26 11:58:28,52.396,-0.395,-0.021,19.00,0.190
2025-12-26 11:58:29,52.409,-0.296,-0.016,19.00,0.190
2025-12-26 11:58:31,52.419,-0.301,-0.016,19.00,0.190
2025-12-26 11:58:32,52.421,-0.288,-0.015,19.00,0.190
2025-12-26 11:58:33,52.411,-0.302,-0.014,19.00,0.190
2025-12-26 11:58:34,52.399,-0.283,-0.015,19.00,0.190
2025-12-26 11:58:35,52.410,-0.313,-0.016,19.00,0.190
2025-12-26 11:58:36,52.409,-0.250,-0.013,19.00,0.190
2025-12-26 11:58:38,52.412,-0.324,-0.017,19.00,0.190
2025-12-26 11:58:39,52.410,-0.320,-0.017,19.00,0.190
2025-12-26 11:58:40,52.399,-0.326,-0.017,19.00,0.190
2025-12-26 11:58:41,52.404,-0.341,-0.018,19.00,0.190
2025-12-26 11:58:42,52.410,-0.333,-0.016,19.00,0.190
2025-12-26 11:58:43,52.415,-0.323,-0.018,19.00,0.190
2025-12-26 11:58:45,52.409,-0.331,-0.017,19.00,0.190
2025-12-26 11:58:46,52.410,-0.364,-0.019,19.00,0.190
2025-12-26 11:58:47,52.404,-0.296,-0.016,19.00,0.190
2025-12-26 11:58:48,52.407,-0.299,-0.016,19.00,0.190
2025-12-26 11:58:49,52.407,-0.288,-0.015,19.00,0.190
2025-12-26 11:58:50,52.412,-0.319,-0.017,19.00,0.190
2025-12-26 11:58:52,52.418,-0.330,-0.017,19.00,0.190
2025-12-26 11:58:53,52.415,-0.230,-0.014,19.00,0.190
2025-12-26 11:58:54,52.407,-0.239,-0.014,19.00,0.190
2025-12-26 11:58:55,52.412,-0.307,-0.016,19.00,0.190
2025-12-26 11:58:56,52.410,-0.304,-0.016,19.00,0.190
2025-12-26 11:58:58,52.401,-0.307,-0.016,19.00,0.190
2025-12-26 11:58:59,52.417,-0.324,-0.017,19.00,0.190
2025-12-26 11:59:00,52.410,-0.310,-0.016,19.00,0.190
2025-12-26 11:59:01,52.408,-0.337,-0.018,19.00,0.190
2025-12-26 11:59:02,52.405,-0.397,-0.021,19.00,0.190
2025-12-26 11:59:03,52.409,-0.396,-0.021,19.00,0.190
2025-12-26 11:59:05,52.413,-0.302,-0.018,19.00,0.190
2025-12-26 11:59:06,52.420,-0.353,-0.018,19.00,0.190
2025-12-26 11:59:07,52.406,-0.359,-0.019,19.00,0.190
2025-12-26 11:59:08,52.399,-0.378,-0.020,19.00,0.190
2025-12-26 11:59:09,52.407,-0.414,-0.022,19.00,0.190
2025-12-26 11:59:10,52.407,-0.400,-0.021,19.00,0.190
2025-12-26 11:59:12,52.402,-0.405,-0.021,19.00,0.190
2025-12-26 11:59:13,52.415,-0.389,-0.020,19.00,0.190
2025-12-26 11:59:14,52.406,-0.349,-0.018,19.00,0.190
2025-12-26 11:59:15,52.408,-0.385,-0.020,19.00,0.190
2025-12-26 11:59:16,52.399,-0.315,-0.016,19.00,0.190
2025-12-26 11:59:17,52.414,-0.458,-0.024,19.00,0.190
2025-12-26 11:59:19,52.411,-0.336,-0.018,19.00,0.190
2025-12-26 11:59:20,52.404,-0.393,-0.021,19.00,0.190
2025-12-26 11:59:21,52.409,-0.329,-0.017,19.00,0.190
2025-12-26 11:59:22,52.405,-0.374,-0.020,19.00,0.190
2025-12-26 11:59:23,52.411,-0.368,-0.019,19.00,0.190
2025-12-26 11:59:24,52.421,-0.382,-0.020,19.00,0.190
2025-12-26 11:59:26,52.408,-0.290,-0.015,19.00,0.190
2025-12-26 11:59:27,52.399,-0.367,-0.019,19.00,0.190
2025-12-26 11:59:28,52.415,-0.324,-0.017,19.00,0.190
2025-12-26 11:59:29,52.405,-0.334,-0.017,19.00,0.190
2025-12-26 11:59:30,52.413,-0.351,-0.018,19.00,0.190
2025-12-26 11:59:32,52.418,-0.319,-0.017,19.00,0.190
2025-12-26 11:59:33,52.398,-0.418,-0.022,19.00,0.190
2025-12-26 11:59:34,52.407,-0.421,-0.023,19.00,0.190
2025-12-26 11:59:35,52.399,-0.389,-0.020,19.00,0.190
2025-12-26 11:59:36,52.407,-0.354,-0.019,19.00,0.190
2025-12-26 11:59:37,52.416,-0.346,-0.018,19.00,0.190
2025-12-26 11:59:39,52.403,-0.430,-0.023,19.00,0.190
2025-12-26 11:59:40,52.412,-0.427,-0.022,19.00,0.190
2025-12-26 11:59:41,52.405,-0.410,-0.021,19.00,0.190
2025-12-26 11:59:42,52.396,-0.371,-0.019,19.00,0.190
2025-12-26 11:59:43,52.408,-0.361,-0.019,19.00,0.190
2025-12-26 11:59:44,52.399,-0.365,-0.019,19.00,0.190
2025-12-26 11:59:46,52.403,-0.383,-0.020,19.00,0.190
2025-12-26 11:59:47,52.408,-0.353,-0.019,19.00,0.190
2025-12-26 11:59:48,52.408,-0.426,-0.022,19.00,0.190
2025-12-26 11:59:49,52.408,-0.408,-0.021,19.00,0.190
2025-12-26 11:59:50,52.411,-0.442,-0.023,19.00,0.190
2025-12-26 11:59:51,52.420,-0.419,-0.022,19.00,0.190
2025-12-26 11:59:53,52.410,-0.512,-0.027,19.00,0.190
2025-12-26 11:59:54,52.410,-0.444,-0.023,19.00,0.190
2025-12-26 11:59:55,52.405,-0.470,-0.025,19.00,0.190
2025-12-26 11:59:56,52.410,-0.521,-0.027,19.00,0.190
2025-12-26 11:59:57,52.410,-0.477,-0.025,19.00,0.190
2025-12-26 11:59:58,52.412,-0.381,-0.020,19.00,0.190
2025-12-26 12:00:00,52.405,-0.435,-0.023,19.00,0.190
2025-12-26 12:00:00,52.405,-0.435,-0.024,19.00,0.190
2025-12-26 12:00:01,52.417,-0.405,-0.021,19.00,0.190
2025-12-26 12:00:02,52.412,-0.431,-0.023,19.00,0.190
2025-12-26 12:00:03,52.412,-0.442,-0.023,19.00,0.190
2025-12-26 12:00:04,52.419,-0.398,-0.021,19.00,0.190
2025-12-26 12:00:05,52.413,-0.511,-0.026,19.00,0.190
2025-12-26 12:00:07,52.411,-0.429,-0.022,19.00,0.190
2025-12-26 12:00:08,52.416,-0.402,-0.021,19.00,0.190
2025-12-26 12:00:09,52.411,-0.467,-0.024,19.00,0.190
2025-12-26 12:00:10,52.415,-0.422,-0.022,19.00,0.190
2025-12-26 12:00:11,52.412,-0.324,-0.017,19.00,0.190
2025-12-26 12:00:12,52.399,-0.302,-0.016,19.00,0.190
2025-12-26 12:00:14,52.416,-0.373,-0.020,19.00,0.190
2025-12-26 12:00:15,52.402,-0.417,-0.022,19.00,0.190
2025-12-26 12:00:16,52.416,-0.388,-0.022,19.00,0.190
2025-12-26 12:00:17,52.417,-0.376,-0.020,19.00,0.190
2025-12-26 12:00:18,52.412,-0.403,-0.021,19.00,0.190
2025-12-26 12:00:20,52.406,-0.451,-0.024,19.00,0.190
2025-12-26 12:00:21,52.413,-0.408,-0.021,19.00,0.190
2025-12-26 12:00:22,52.407,-0.464,-0.024,19.00,0.190
2025-12-26 12:00:23,52.415,-0.353,-0.018,19.00,0.190
2025-12-26 12:00:24,52.411,-0.384,-0.020,19.00,0.190
2025-12-26 12:00:25,52.425,-0.361,-0.018,19.00,0.190
2025-12-26 12:00:27,52.410,-0.328,-0.018,19.00,0.190
2025-12-26 12:00:28,52.413,-0.355,-0.019,19.00,0.190
2025-12-26 12:00:29,52.409,-0.345,-0.018,19.00,0.190
2025-12-26 12:00:30,52.418,-0.275,-0.014,19.00,0.190
2025-12-26 12:00:31,52.408,-0.344,-0.018,19.00,0.190
2025-12-26 12:00:32,52.414,-0.365,-0.019,19.00,0.190
2025-12-26 12:00:34,52.398,-0.302,-0.016,19.00,0.190
2025-12-26 12:00:35,52.404,-0.424,-0.022,19.00,0.190
2025-12-26 12:00:36,52.403,-0.328,-0.016,19.00,0.190
2025-12-26 12:00:37,52.407,-0.337,-0.018,19.00,0.190
2025-12-26 12:00:38,52.407,-0.346,-0.018,19.00,0.190
2025-12-26 12:00:39,52.405,-0.332,-0.017,19.00,0.190
2025-12-26 12:00:41,52.408,-0.295,-0.015,19.00,0.190
2025-12-26 12:00:42,52.413,-0.342,-0.018,19.00,0.190
2025-12-26 12:00:43,52.410,-0.329,-0.017,19.00,0.190
2025-12-26 12:00:44,52.415,-0.307,-0.016,19.00,0.190
2025-12-26 12:00:45,52.419,-0.306,-0.016,19.00,0.190
2025-12-26 12:00:46,52.409,-0.365,-0.019,19.00,0.190
2025-12-26 12:00:48,52.408,-0.343,-0.018,19.00,0.190
2025-12-26 12:00:49,52.414,-0.319,-0.017,19.00,0.190
2025-12-26 12:00:50,52.403,-0.356,-0.019,19.00,0.190
2025-12-26 12:00:51,52.401,-0.409,-0.021,19.00,0.190
2025-12-26 12:00:52,52.409,-0.300,-0.016,19.00,0.190
2025-12-26 12:00:53,52.399,-0.344,-0.018,19.00,0.190
2025-12-26 12:00:55,52.400,-0.346,-0.019,19.00,0.190
2025-12-26 12:00:56,52.400,-0.317,-0.017,19.00,0.190
2025-12-26 12:00:57,52.409,-0.376,-0.020,19.00,0.190
2025-12-26 12:00:58,52.399,-0.395,-0.021,19.00,0.190
2025-12-26 12:00:59,52.413,-0.418,-0.022,19.00,0.190
2025-12-26 12:01:00,52.406,-0.388,-0.020,19.00,0.190
2025-12-26 12:01:02,52.398,-0.317,-0.017,19.00,0.190
2025-12-26 12:01:03,52.424,-0.392,-0.021,19.00,0.190
2025-12-26 12:01:04,52.409,-0.411,-0.022,19.00,0.190
2025-12-26 12:01:05,52.406,-0.464,-0.024,19.00,0.190
2025-12-26 12:01:06,52.400,-0.429,-0.022,19.00,0.190
2025-12-26 12:01:08,52.426,-0.461,-0.024,19.00,0.190
2025-12-26 12:01:09,52.399,-0.361,-0.019,19.00,0.190
2025-12-26 12:01:10,52.406,-0.361,-0.019,19.00,0.190
2025-12-26 12:01:11,52.404,-0.414,-0.022,19.00,0.190
2025-12-26 12:01:12,52.402,-0.376,-0.020,19.00,0.190
2025-12-26 12:01:13,52.408,-0.424,-0.024,19.00,0.190
2025-12-26 12:01:15,52.407,-0.476,-0.025,19.00,0.190
2025-12-26 12:01:16,52.411,-0.420,-0.022,19.00,0.190
2025-12-26 12:01:17,52.406,-0.404,-0.021,19.00,0.190
2025-12-26 12:01:18,52.403,-0.319,-0.017,19.00,0.190
2025-12-26 12:01:19,52.413,-0.378,-0.020,19.00,0.190
2025-12-26 12:01:20,52.419,-0.351,-0.018,19.00,0.190
2025-12-26 12:01:22,52.406,-0.452,-0.024,19.00,0.190
2025-12-26 12:01:23,52.410,-0.395,-0.021,19.00,0.190
2025-12-26 12:01:24,52.412,-0.464,-0.024,19.00,0.190
2025-12-26 12:01:25,52.418,-0.507,-0.027,19.00,0.190
2025-12-26 12:01:26,52.413,-0.456,-0.024,19.00,0.190
2025-12-26 12:01:27,52.409,-0.371,-0.019,19.00,0.190
2025-12-26 12:01:29,52.407,-0.410,-0.021,19.00,0.190
2025-12-26 12:01:30,52.405,-0.334,-0.018,19.00,0.190
2025-12-26 12:01:31,52.411,-0.344,-0.018,19.00,0.190
2025-12-26 12:01:32,52.411,-0.364,-0.019,19.00,0.190
2025-12-26 12:01:33,52.405,-0.351,-0.018,19.00,0.190
2025-12-26 12:01:34,52.414,-0.426,-0.022,19.00,0.190
2025-12-26 12:01:36,52.412,-0.384,-0.020,19.00,0.190
2025-12-26 12:01:37,52.408,-0.445,-0.023,19.00,0.190
2025-12-26 12:01:38,52.422,-0.350,-0.016,19.00,0.190
2025-12-26 12:01:39,52.411,-0.400,-0.021,19.00,0.190
2025-12-26 12:01:40,52.415,-0.468,-0.025,19.00,0.190
2025-12-26 12:01:41,52.406,-0.357,-0.019,19.00,0.190
2025-12-26 12:01:43,52.407,-0.366,-0.019,19.00,0.190
2025-12-26 12:01:44,52.402,-0.321,-0.017,19.00,0.190
2025-12-26 12:01:45,52.416,-0.389,-0.020,19.00,0.190
2025-12-26 12:01:46,52.410,-0.464,-0.024,19.00,0.190
2025-12-26 12:01:47,52.408,-0.408,-0.023,19.00,0.190
2025-12-26 12:01:48,52.399,-0.455,-0.024,19.00,0.190
2025-12-26 12:01:50,52.400,-0.403,-0.021,19.00,0.190
2025-12-26 12:01:51,52.407,-0.440,-0.023,19.00,0.190
2025-12-26 12:01:52,52.416,-0.340,-0.018,19.00,0.190
2025-12-26 12:01:53,52.415,-0.393,-0.021,19.00,0.190
2025-12-26 12:01:54,52.413,-0.402,-0.021,19.00,0.190
2025-12-26 12:01:56,52.403,-0.415,-0.021,19.00,0.190
2025-12-26 12:01:57,52.426,-0.421,-0.023,19.00,0.190
2025-12-26 12:01:58,52.408,-0.388,-0.020,19.00,0.190
2025-12-26 12:01:59,52.411,-0.455,-0.024,19.00,0.190
2025-12-26 12:02:00,52.409,-0.339,-0.018,19.00,0.190
2025-12-26 12:02:01,52.405,-0.407,-0.021,19.00,0.190
2025-12-26 12:02:03,52.416,-0.339,-0.018,19.00,0.190
2025-12-26 12:02:04,52.405,-0.372,-0.020,19.00,0.190
2025-12-26 12:02:05,52.405,-0.367,-0.019,19.00,0.190
2025-12-26 12:02:06,52.404,-0.414,-0.022,19.00,0.190
2025-12-26 12:02:07,52.410,-0.359,-0.019,19.00,0.190
2025-12-26 12:02:08,52.404,-0.467,-0.025,19.00,0.190
2025-12-26 12:02:10,52.409,-0.436,-0.023,19.00,0.190
2025-12-26 12:02:11,52.405,-0.451,-0.024,19.00,0.190
2025-12-26 12:02:12,52.407,-0.398,-0.021,19.00,0.190
2025-12-26 12:02:13,52.411,-0.371,-0.019,19.00,0.190
2025-12-26 12:02:14,52.415,-0.440,-0.023,19.00,0.190
2025-12-26 12:02:15,52.406,-0.403,-0.021,19.00,0.190
2025-12-26 12:02:17,52.402,-0.421,-0.022,19.00,0.190
2025-12-26 12:02:18,52.419,-0.395,-0.021,19.00,0.190
2025-12-26 12:02:19,52.411,-0.428,-0.022,19.00,0.190
2025-12-26 12:02:20,52.409,-0.334,-0.018,19.00,0.190
2025-12-26 12:02:21,52.405,-0.433,-0.023,19.00,0.190
2025-12-26 12:02:23,52.406,-0.453,-0.024,19.00,0.190
2025-12-26 12:02:24,52.405,-0.454,-0.024,19.00,0.190
2025-12-26 12:02:25,52.416,-0.385,-0.020,19.00,0.190
2025-12-26 12:02:26,52.419,-0.449,-0.024,19.00,0.190
2025-12-26 12:02:27,52.408,-0.393,-0.021,19.00,0.190
2025-12-26 12:02:28,52.402,-0.462,-0.023,19.00,0.190
2025-12-26 12:02:30,52.405,-0.481,-0.025,19.00,0.190
2025-12-26 12:02:31,52.421,-0.412,-0.022,19.00,0.190
2025-12-26 12:02:32,52.402,-0.431,-0.023,19.00,0.190
2025-12-26 12:02:33,52.421,-0.468,-0.025,19.00,0.190
2025-12-26 12:02:34,52.402,-0.429,-0.022,19.00,0.190
2025-12-26 12:02:35,52.407,-0.487,-0.026,19.00,0.190
2025-12-26 12:02:37,52.401,-0.428,-0.022,19.00,0.190
2025-12-26 12:02:38,52.401,-0.486,-0.025,19.00,0.190
2025-12-26 12:02:39,52.411,-0.441,-0.023,19.00,0.190
2025-12-26 12:02:40,52.402,-0.424,-0.022,19.00,0.190
2025-12-26 12:02:41,52.413,-0.492,-0.026,19.00,0.190
2025-12-26 12:02:42,52.400,-0.353,-0.018,19.00,0.190
2025-12-26 12:02:44,52.401,-0.381,-0.020,19.00,0.190
2025-12-26 12:02:45,52.402,-0.326,-0.017,19.00,0.190
2025-12-26 12:02:46,52.420,-0.392,-0.021,19.00,0.190
